1,1,149,1
2,2,225,2
2,3,150,1
1,4,89,2
2,5,80,2
2,6,200,2
1,7,60,1
2,8,79,1
2,9,79,1
2,10,150,2
2,9,135,2
2,8,85,1
1,11,89,1
2,9,85,1
2,12,120,2
1,13,140,2
1,14,215,2
2,15,140,1
1,16,99,2
2,5,190,2
1,13,299,2
1,17,130,1
1,17,80,1
1,17,110,1
1,7,120,2
1,18,60,1
2,19,80,1
2,8,150,2
2,19,44,1
2,20,180,2
2,3,50,1
2,3,52,1
1,21,55,1
2,3,50,1
1,7,70,1
1,11,89,1
1,7,35,1
1,22,85,2
1,23,150,1
2,24,40,3
2,20,68,1
1,11,120,2
1,14,120,1
2,9,135,1
2,3,150,2
1,25,150,2
3,26,130,1
1,7,110,2
1,7,115,2
1,14,80,1
1,7,80,1
2,9,151,2
1,13,228,2
1,21,144,2
2,27,200,2
1,13,150,2
2,24,110,1
2,8,69,1
1,21,49,1
2,28,180,2
1,13,80,1
2,15,375,2
2,29,250,2
1,30,200,2
1,4,55,1
2,8,52,1
1,17,225,2
2,20,80,1
1,13,275,2
2,20,99,1
2,5,225,2
2,20,230,2
2,8,51,1
2,31,65,1
1,4,105,1
2,20,190,2
2,29,200,1
3,32,70,1
1,14,95,1
2,15,150,1
1,13,145,1
2,3,110,2
2,24,285,2
1,23,130,2
2,24,94,1
1,33,800,2
1,13,105,2
2,20,60,1
2,20,50,1
1,13,85,1
1,22,65,1
1,30,131,2
1,4,98,1
1,30,250,2
1,13,100,2
1,22,105,2
2,9,140,2
2,3,89,1
2,15,98,1
1,7,125,2
2,3,60,1
1,34,175,2
2,31,65,1
2,12,500,2
1,13,101,1
1,17,220,2
1,7,125,2
1,13,80,2
2,3,100,1
1,35,200,2
2,8,59,1
1,4,125,1
2,20,140,2
1,11,120,2
2,20,350,2
2,27,199,2
1,13,325,2
2,9,235,2
2,20,225,2
1,11,99,1
2,3,170,2
1,11,400,2
2,9,170,2
2,20,100,2
1,25,75,1
1,13,90,1
2,29,150,2
2,31,85,1
1,7,70,1
2,3,120,2
1,4,89,1
2,20,185,2
1,21,50,1
2,24,105,2
2,8,130,1
2,12,115,2
1,36,77,1
1,4,76,1
1,7,125,2
1,4,135,1
1,21,250,2
1,13,199,2
1,37,140,2
3,38,140,1
1,7,115,2
1,13,160,2
1,13,195,2
2,20,195,2
1,13,80,1
1,14,44,1
2,12,156,1
1,30,85,1
1,13,125,1
1,30,115,2
2,5,69,1
2,12,225,2
1,13,125,2
2,29,219,2
1,39,475,2
2,29,99,2
1,13,69,1
3,40,79,1
1,7,135,2
1,41,250,1
2,29,250,2
1,35,250,2
2,3,80,2
1,4,70,1
1,34,165,2
4,42,70,1
1,22,50,1
5,43,40,1
1,13,150,2
2,20,125,1
2,44,196,2
1,14,110,1
2,12,170,2
2,3,165,2
2,12,150,2
2,3,100,2
1,14,65,1
3,45,350,2
2,46,99,1
1,13,200,2
1,17,150,2
1,7,90,1
1,30,120,1
2,29,75,1
1,7,175,2
2,15,125,2
2,8,275,2
2,24,299,2
1,11,135,2
2,29,130,1
2,24,83,1
2,15,123,1
3,47,55,1
2,8,195,2
1,7,80,1
3,48,98,2
3,45,140,1
3,48,265,2
1,13,249,2
2,8,105,3
2,3,200,1
1,30,100,1
2,3,121,2
5,43,45,1
2,5,100,1
1,13,140,2
1,7,71,1
2,49,130,1
2,12,199,2
1,13,69,1
1,14,68,1
2,20,130,2
1,21,195,2
2,3,64,1
3,50,140,2
1,37,159,2
2,20,189,2
2,8,250,2
2,20,239,2
2,51,305,2
2,3,155,2
2,3,60,1
1,18,135,1
2,52,120,1
2,24,150,2
3,45,140,2
1,21,135,2
2,10,250,2
2,2,250,2
2,28,500,2
2,53,225,2
2,5,125,2
2,3,92,1
2,3,175,1
2,20,99,2
2,9,195,2
2,5,140,2
2,54,135,2
2,15,500,2
2,3,80,1
2,10,120,1
2,2,110,2
1,55,65,2
2,20,130,2
1,22,99,2
4,56,36,1
4,56,37,1
4,56,37,1
2,20,175,2
2,15,205,2
1,21,285,2
1,13,59,1
4,56,36,1
3,57,99,2
1,1,39,1
1,17,60,1
5,58,90,1
5,59,105,2
1,7,135,2
2,20,390,2
1,7,70,1
2,19,75,1
1,13,60,1
2,20,200,2
1,16,100,1
1,7,70,1
1,16,110,1
1,16,60,1
2,54,90,2
2,20,68,1
2,9,115,2
1,7,75,1
1,13,60,1
2,20,129,2
1,13,130,2
1,13,95,2
2,3,75,1
1,17,175,2
1,34,190,2
1,16,49,1
2,20,212,2
2,24,95,1
1,13,140,2
2,3,135,2
1,17,150,2
1,35,190,2
2,5,124,2
1,13,135,2
2,46,122,1
2,9,109,1
2,3,85,1
1,7,145,2
2,9,195,2
1,34,250,2
1,21,125,1
2,54,575,2
2,9,150,2
1,22,70,1
2,19,90,1
2,20,65,1
2,20,500,2
2,31,250,2
2,10,125,2
2,12,200,2
1,21,229,2
5,60,90,2
2,9,110,2
1,21,59,1
1,13,195,2
1,13,169,2
2,5,113,2
2,3,250,2
3,57,115,2
1,21,55,1
1,13,69,1
2,24,150,2
1,11,169,2
1,21,179,1
2,8,150,1
1,39,135,2
1,4,350,2
1,13,120,1
2,20,71,1
1,21,349,1
1,21,349,1
1,17,165,2
1,21,249,1
1,33,100,1
1,33,200,2
2,20,169,2
1,7,185,2
1,22,65,2
1,14,130,2
1,13,199,2
2,20,225,2
1,21,179,1
1,16,150,2
2,20,139,2
2,61,95,1
1,16,79,2
2,24,150,2
1,4,650,2
1,7,90,2
1,7,120,2
3,57,80,1
1,16,100,2
1,7,175,2
1,16,120,2
1,13,140,2
1,7,200,2
1,4,165,1
2,27,125,2
2,15,130,2
2,5,65,3
1,14,123,2
2,31,67,1
3,62,50,1
1,35,130,2
1,13,100,1
2,9,212,2
1,13,190,2
1,21,599,1
2,20,249,2
3,63,70,1
1,16,100,2
2,3,60,1
1,7,135,2
1,21,175,2
2,9,120,2
2,2,169,2
1,16,165,2
2,3,90,1
2,29,225,2
1,14,95,1
1,16,55,1
2,8,85,1
1,11,199,2
2,24,211,2
2,2,145,2
2,3,65,1
2,3,99,2
3,57,110,2
1,16,80,2
1,33,150,2
1,7,110,2
2,15,290,1
2,20,87,1
1,13,190,2
1,13,200,2
1,17,165,2
2,3,110,2
2,20,395,2
1,7,99,1
1,1,39,1
2,20,189,2
2,9,85,1
1,35,260,2
2,3,122,2
1,21,165,2
3,64,97,2
2,12,170,2
1,13,125,2
2,65,130,1
1,13,225,2
1,55,50,1
1,14,170,2
2,15,132,2
1,17,250,2
1,21,141,2
1,16,64,2
1,13,249,2
1,16,79,1
2,20,185,2
1,39,120,2
1,17,495,2
2,66,375,2
2,66,175,2
2,20,150,2
2,3,259,2
2,20,96,1
1,13,145,2
2,15,200,2
2,9,95,2
1,18,250,2
2,3,295,2
2,53,175,2
1,13,451,2
2,9,165,2
2,29,250,2
5,67,77,2
2,24,250,2
3,57,129,2
1,13,98,1
1,17,150,2
2,20,95,1
2,3,55,1
2,3,300,2
3,40,42,1
1,21,125,2
2,20,175,1
2,3,75,1
1,13,255,2
1,7,72,2
1,7,165,1
1,13,165,2
1,4,75,1
1,21,130,2
1,13,139,2
1,7,88,1
1,7,80,1
2,15,150,1
2,9,200,2
2,20,200,2
3,40,42,1
1,13,90,1
2,3,295,2
1,13,450,2
1,16,130,2
1,13,89,1
2,3,198,2
2,20,99,2
1,21,46,1
2,28,140,1
1,34,500,2
2,46,75,1
3,40,33,1
2,9,250,2
1,22,60,1
2,31,75,1
1,34,350,2
2,15,205,2
1,17,219,2
1,17,60,1
2,9,185,2
2,20,190,2
1,11,105,2
2,5,250,2
2,9,175,2
2,3,65,1
1,7,75,2
5,68,37,1
1,13,85,2
1,69,106,2
2,5,79,2
1,14,85,1
2,3,170,1
2,24,115,1
2,3,89,1
2,3,49,3
1,21,91,1
2,70,400,2
1,22,150,2
2,9,2000,2
1,16,97,2
2,20,100,1
1,13,179,2
1,21,500,2
2,15,429,2
2,27,189,2
2,24,120,1
2,66,300,2
3,57,107,2
3,57,95,2
2,3,199,2
2,5,120,2
2,12,199,2
5,71,125,2
1,13,70,1
1,13,75,1
2,12,100,1
1,7,99,2
2,15,250,2
1,13,350,2
1,30,170,2
2,20,165,2
2,8,99,1
2,15,255,1
1,72,169,2
1,16,99,2
2,29,169,2
1,7,160,2
1,30,215,2
1,17,130,2
2,20,110,1
2,8,150,1
1,13,65,1
3,40,75,1
2,15,149,2
2,9,89,1
2,31,50,1
1,25,43,1
1,25,42,1
1,13,85,1
1,7,139,2
1,17,105,1
1,17,265,2
2,8,149,2
2,3,68,1
1,7,99,2
2,3,75,1
1,13,100,1
2,29,90,3
2,20,160,2
1,17,190,2
1,7,67,1
2,29,190,2
1,4,248,2
1,13,100,1
2,10,95,1
2,73,150,1
1,7,145,2
1,22,41,1
1,13,120,2
5,74,50,1
1,14,157,2
1,13,195,2
1,75,70,2
1,13,185,2
1,7,145,2
3,40,50,1
1,21,185,2
2,20,250,2
2,12,80,1
2,73,230,2
1,35,100,2
1,22,40,1
2,24,200,1
4,77,80,1
1,7,79,1
3,26,95,2
2,9,300,2
1,78,100,2
2,3,80,1
1,79,110,2
1,4,172,2
2,24,199,2
2,24,199,2
2,3,100,1
2,3,55,1
1,7,75,1
2,20,146,2
2,49,250,1
1,21,116,2
2,80,150,1
1,17,120,1
2,15,199,2
1,30,150,2
2,3,69,1
2,3,300,1
1,39,230,2
2,2,125,2
1,7,79,1
1,14,130,1
1,4,239,1
4,81,75,2
1,13,220,2
1,7,80,2
2,20,288,2
1,7,135,2
2,12,225,2
2,10,110,1
1,7,100,2
2,8,130,1
2,20,89,1
1,82,200,2
1,7,80,2
5,83,50,1
2,5,135,2
2,20,90,1
2,28,270,1
1,7,110,2
2,5,145,2
2,8,179,2
3,45,55,1
2,2,110,1
2,3,325,2
3,26,75,1
1,11,300,2
2,12,130,1
2,2,190,2
2,24,200,2
1,13,180,2
1,41,350,2
2,20,160,2
2,27,195,2
2,53,241,2
2,10,300,2
3,50,75,2
2,24,100,2
2,70,399,2
1,14,85,1
1,25,80,2
1,30,55,1
1,4,438,1
1,7,110,2
2,12,200,2
1,4,279,1
1,13,137,2
1,7,280,2
1,13,199,2
2,19,71,1
5,60,42,1
1,7,180,2
2,15,226,2
1,16,85,1
2,70,135,2
3,76,79,2
2,24,154,2
1,21,199,2
2,12,700,2
2,12,246,2
2,31,125,1
1,7,100,1
1,13,295,2
1,16,150,1
2,10,119,2
2,3,125,1
2,3,400,2
2,53,850,2
1,13,129,1
2,9,140,1
2,10,115,1
2,5,200,2
1,82,96,2
1,21,199,2
1,21,199,2
1,21,199,2
1,84,69,1
2,9,185,2
2,3,81,1
1,21,199,2
1,21,199,2
1,21,199,2
1,21,199,2
1,21,199,2
1,21,349,1
1,21,249,1
1,21,299,1
1,21,179,1
3,85,54,1
1,21,599,1
1,4,110,2
1,22,220,2
1,13,89,1
1,7,170,2
2,66,495,2
3,40,80,2
2,15,760,2
1,37,98,1
1,7,125,2
1,86,48,1
1,13,64,1
1,4,154,2
1,17,139,2
3,87,75,1
2,12,325,2
2,15,195,2
2,3,58,1
4,88,250,2
4,88,50,1
4,88,125,2
1,14,70,2
2,29,189,2
1,7,130,2
2,12,145,2
2,44,101,1
2,15,95,1
2,12,375,2
2,24,153,2
1,55,92,2
2,24,80,1
2,12,300,2
1,14,145,2
2,20,88,1
2,3,155,2
1,13,185,2
3,40,73,1
2,9,225,2
2,46,85,1
1,16,99,1
1,86,48,1
2,73,200,2
2,29,485,2
2,66,310,2
1,13,110,2
2,9,109,2
2,9,167,2
1,14,147,2
2,15,220,2
2,24,195,2
2,54,199,2
2,44,65,1
3,89,55,1
5,90,50,1
1,1,60,1
2,5,99,1
2,3,130,2
1,13,290,2
2,15,350,2
1,16,50,1
3,26,96,1
1,22,45,1
3,32,85,1
1,7,34,1
2,20,250,2
1,13,190,1
1,13,75,1
1,25,93,2
1,7,60,1
1,7,65,1
2,2,125,2
2,29,300,2
2,53,150,2
2,31,56,2
2,20,299,2
1,21,60,1
1,14,88,2
1,13,60,1
2,12,1300,2
2,5,200,1
2,3,99,1
1,22,110,2
1,4,135,2
2,29,110,2
1,7,165,2
1,82,127,2
1,30,402,2
2,3,85,1
1,21,75,1
2,20,139,2
1,25,70,2
2,5,50,1
3,57,30,1
2,12,250,2
1,16,64,1
2,3,300,2
1,7,800,2
1,7,100,2
1,16,250,2
2,12,200,2
1,21,140,2
2,3,130,1
1,1,90,2
2,10,90,2
1,7,97,1
1,35,91,2
1,17,125,1
1,86,75,1
2,20,180,2
1,13,300,2
1,13,100,2
2,8,175,2
1,11,65,1
2,12,240,2
2,20,300,1
2,15,385,2
1,22,47,1
1,16,110,2
2,3,75,1
1,7,100,2
2,8,165,2
1,7,300,2
1,37,140,2
1,13,120,2
1,14,175,2
1,34,275,2
2,20,179,2
1,34,189,2
2,20,219,2
2,12,450,2
2,28,249,2
3,26,65,1
1,21,250,2
2,10,139,2
2,9,209,2
1,16,120,2
3,57,70,2
2,12,90,1
2,8,199,2
1,22,50,1
1,16,100,2
2,3,110,2
1,13,157,2
1,21,199,2
3,57,192,2
1,21,199,2
2,9,150,2
1,21,199,2
1,21,199,2
1,21,199,2
1,13,105,2
1,13,135,1
1,21,199,2
1,13,125,1
1,13,60,1
1,13,85,2
2,9,300,2
1,13,75,1
3,76,55,1
1,16,44,1
1,7,55,1
1,13,30,1
1,14,35,1
1,13,70,1
1,13,130,2
1,7,52,1
1,13,75,1
2,29,190,1
2,28,250,2
1,72,100,2
1,21,130,2
2,3,140,1
1,23,75,1
2,5,150,2
2,5,90,2
2,9,295,2
2,9,150,2
1,13,180,2
1,14,135,1
1,22,65,1
2,9,99,1
1,21,149,1
4,91,59,1
2,3,75,1
2,3,75,1
1,7,75,1
2,9,109,2
1,16,225,2
2,5,86,1
3,45,52,1
1,30,100,1
2,24,99,2
2,20,89,1
1,7,135,2
2,12,199,2
1,1,89,2
2,3,110,1
1,22,120,2
1,13,59,1
1,92,49,1
1,21,79,1
2,3,135,2
1,11,185,2
1,13,225,2
2,70,245,2
2,31,115,2
1,13,325,2
1,13,95,1
2,12,120,1
2,9,499,2
1,13,75,1
2,29,109,1
1,13,160,2
2,29,219,2
2,29,159,2
1,4,180,1
2,20,150,2
2,27,106,2
2,2,299,2
2,9,179,2
1,16,165,2
1,23,500,2
2,10,250,2
2,19,87,1
1,13,79,1
2,8,75,1
1,13,200,2
2,3,80,1
1,55,115,2
1,55,115,2
1,55,120,2
2,3,125,1
2,9,387,2
2,8,95,1
2,9,99,2
2,29,121,2
2,8,350,2
2,3,75,1
2,8,95,1
2,3,89,1
2,12,195,1
2,51,160,1
1,82,70,2
2,53,100,1
2,24,140,2
2,20,189,2
1,13,160,1
1,17,178,2
1,16,145,2
1,17,125,2
2,15,265,2
1,25,77,1
2,29,60,1
2,10,129,2
2,20,199,2
1,25,92,1
1,16,185,2
2,2,110,2
1,13,65,1
2,2,135,1
2,29,115,3
2,3,175,1
2,9,3000,1
1,13,72,1
1,17,80,1
1,16,125,2
1,21,120,1
1,13,94,1
1,30,56,1
2,20,549,2
1,21,190,2
1,13,129,1
1,7,85,2
4,93,20,1
2,9,145,2
2,8,200,2
1,17,125,2
1,75,50,2
2,3,160,1
2,3,180,1
2,19,100,1
1,13,70,1
5,94,120,2
4,95,110,1
2,29,105,1
2,2,250,2
2,27,74,1
2,3,165,2
2,31,99,1
2,70,125,2
3,96,75,1
3,97,45,3
1,98,159,2
1,13,45,1
2,8,104,1
2,44,225,2
2,66,100,1
1,21,90,1
3,96,75,1
2,51,350,2
2,3,135,2
2,9,125,1
2,20,225,2
2,3,85,1
2,29,200,2
1,11,250,2
2,24,90,1
1,22,130,2
1,25,90,2
1,34,298,2
2,29,300,2
2,3,125,1
2,5,125,1
2,2,145,1
2,20,147,2
1,13,123,1
1,18,88,2
3,26,215,2
2,28,225,2
2,66,269,2
1,13,145,2
1,22,75,1
2,53,145,2
1,25,229,2
1,39,300,2
2,5,100,1
1,84,75,2
2,66,225,2
1,13,120,1
1,16,160,2
1,16,125,2
1,7,95,2
1,13,119,1
2,2,275,2
2,44,160,2
1,4,500,2
2,20,175,2
1,21,87,2
1,17,160,2
2,20,125,1
1,7,90,2
2,24,200,2
1,7,250,2
2,9,99,1
2,8,325,2
2,8,99,1
2,2,325,2
2,12,129,2
1,16,130,2
1,99,190,2
1,16,55,1
2,31,60,1
2,9,250,2
2,31,275,2
3,26,50,1
1,30,125,2
1,4,150,2
1,72,70,2
1,35,138,2
2,44,265,2
2,29,145,1
2,12,151,2
2,44,208,2
1,13,200,2
2,20,110,1
2,3,58,1
2,3,55,1
1,17,105,2
2,20,350,2
1,25,150,2
1,13,55,1
1,17,299,2
3,45,77,2
2,15,125,2
2,9,395,2
1,7,189,2
5,100,49,1
2,9,90,2
2,27,100,1
1,13,299,2
3,85,75,1
3,85,69,1
1,13,90,1
2,3,94,1
1,18,80,1
5,101,100,2
1,102,39,1
2,9,250,2
1,82,55,1
1,17,110,1
1,1,200,2
1,18,142,2
1,4,70,1
1,21,260,2
2,24,225,2
1,7,59,1
2,3,65,1
2,19,99,2
2,20,239,2
2,19,50,2
2,3,65,1
2,15,139,2
2,12,174,2
2,12,315,2
2,3,75,1
2,20,210,2
1,13,55,1
1,13,229,2
2,29,150,2
2,27,129,2
2,3,100,2
1,13,200,2
2,24,89,1
1,16,250,2
1,7,65,1
1,16,68,2
1,13,235,2
1,7,100,2
2,24,311,2
3,47,39,3
2,12,100,1
2,24,1300,1
2,24,210,2
1,16,55,1
2,103,65,1
1,13,165,2
2,46,89,1
2,80,500,2
1,7,145,2
1,25,110,1
2,9,180,2
1,30,115,2
1,22,82,2
3,26,70,1
1,13,155,2
2,8,117,2
1,82,100,2
2,20,89,2
2,20,89,2
2,20,99,2
2,20,155,2
2,3,85,1
2,61,80,1
2,27,135,2
1,34,150,2
2,15,380,2
1,14,450,2
1,13,145,2
3,40,80,1
1,13,225,2
2,9,99,1
2,24,125,2
2,8,80,2
1,14,100,1
1,7,55,1
2,104,328,2
1,13,142,2
1,4,350,2
1,18,300,2
1,78,105,2
1,35,125,1
1,13,225,2
1,82,92,2
2,20,185,2
1,13,226,2
1,82,50,1
2,5,80,1
1,34,200,1
2,2,99,2
1,17,68,2
1,30,102,1
1,17,220,2
2,9,199,2
2,10,165,2
2,10,150,2
1,35,385,2
1,98,75,1
2,28,499,2
3,105,85,1
1,14,160,2
1,11,249,2
1,35,80,1
1,13,120,1
5,71,35,1
1,84,169,2
2,20,220,2
1,7,85,1
2,9,300,2
2,3,79,1
1,13,90,1
2,9,99,1
2,15,50,3
1,25,46,1
1,11,325,2
4,106,68,1
2,28,198,2
1,7,100,2
1,13,175,2
2,12,130,2
2,53,180,2
1,30,209,2
2,9,150,2
2,24,104,2
2,20,175,2
2,29,80,1
1,22,68,1
2,20,72,1
3,57,107,2
2,20,150,2
5,107,45,1
1,7,49,1
1,23,349,2
2,9,185,2
2,27,145,2
1,13,96,2
1,22,120,2
2,20,160,2
1,33,800,2
1,16,349,2
3,26,350,2
1,30,125,2
1,39,350,2
1,7,150,2
1,22,180,2
2,15,200,2
1,14,99,2
2,15,130,2
1,13,150,2
1,1,90,2
1,13,95,1
3,45,70,2
2,29,82,1
1,7,250,2
2,3,90,2
3,32,75,1
1,4,160,2
2,3,115,1
1,11,150,1
1,13,89,1
3,89,69,2
2,15,170,1
1,11,375,2
2,20,118,2
2,15,135,2
5,83,250,2
1,21,200,2
2,66,150,2
2,5,50,1
1,30,60,1
2,3,100,2
2,51,265,2
2,29,90,1
2,29,175,2
1,82,36,1
2,9,250,2
2,3,220,2
2,9,93,1
1,16,275,2
3,57,109,1
1,13,450,2
2,53,165,2
1,25,80,2
2,53,295,1
1,13,280,2
2,66,300,2
2,20,99,2
1,7,175,2
2,15,225,2
2,15,230,2
1,30,90,1
2,9,102,2
1,22,59,1
2,20,195,2
3,57,150,2
2,31,170,2
2,8,217,2
2,3,185,2
2,54,58,1
1,13,189,2
2,20,88,2
2,8,195,2
3,45,110,2
1,82,120,2
2,53,79,1
2,29,110,2
1,4,200,1
1,25,69,1
3,38,55,1
1,33,135,2
2,44,500,2
1,23,90,2
1,4,135,2
1,21,199,1
2,20,90,2
2,29,160,2
1,18,65,1
2,9,210,2
2,15,399,2
2,24,300,2
1,16,185,2
2,3,220,2
1,30,121,2
2,19,120,2
1,17,152,1
1,35,250,2
2,20,99,1
1,21,104,2
1,21,120,2
2,20,295,2
1,34,90,2
2,12,197,2
2,53,145,2
2,9,90,2
2,15,125,1
2,8,190,2
2,9,76,3
1,7,50,1
2,20,107,1
1,7,80,2
1,7,150,2
1,22,110,2
1,22,115,2
2,20,151,2
1,14,130,2
1,16,180,2
1,16,95,1
2,3,79,1
1,7,60,1
1,55,133,2
2,9,120,2
1,13,120,1
2,3,700,1
2,8,165,2
2,9,165,2
3,50,54,2
2,20,100,2
1,16,80,1
2,10,96,1
1,17,159,2
1,11,50,1
2,5,75,1
1,4,155,2
1,21,150,1
3,108,92,2
1,21,75,1
3,57,69,1
1,34,115,2
2,20,120,2
2,8,120,1
2,53,215,2
1,16,195,2
1,21,175,2
1,16,80,1
1,13,48,1
2,12,200,2
1,13,275,2
1,69,72,1
2,28,199,2
1,13,250,2
2,3,75,1
2,28,125,1
2,80,229,1
1,33,175,2
1,7,140,2
1,7,54,1
3,45,75,2
2,29,110,2
2,65,165,2
2,19,55,1
2,19,55,1
2,12,300,2
2,15,275,2
2,53,331,2
1,13,77,1
2,31,60,1
1,33,129,2
3,40,100,1
1,17,120,2
1,13,500,2
2,9,179,2
1,4,149,2
1,13,180,2
1,30,100,1
1,39,180,2
1,21,128,2
1,30,260,2
3,109,55,1
1,17,65,1
2,29,200,2
2,8,249,2
1,35,300,2
2,5,120,2
2,9,120,1
1,30,125,2
3,76,99,2
1,22,115,2
1,22,275,2
1,35,198,2
2,20,199,2
3,109,45,1
2,9,125,1
2,3,80,2
2,80,130,2
1,86,35,1
1,13,90,2
1,13,250,2
1,16,115,2
1,30,200,2
1,13,64,1
1,7,65,1
3,57,175,2
2,8,90,1
1,16,85,1
2,2,150,2
2,27,50,2
2,3,136,2
1,13,400,2
1,25,125,2
2,20,165,2
1,13,180,2
2,3,105,2
2,8,148,2
1,14,120,2
2,70,99,2
2,20,175,2
1,13,85,1
2,29,80,1
1,7,119,2
3,26,89,1
2,28,195,3
2,9,1000,2
2,53,225,2
1,13,165,2
1,18,60,1
2,12,165,2
1,22,80,1
3,40,52,1
2,66,160,2
1,16,110,2
2,9,60,1
4,110,299,2
2,20,200,2
2,12,700,2
1,37,120,1
2,5,65,1
2,8,263,2
1,7,120,2
2,9,150,2
2,19,60,1
1,13,350,1
4,56,71,1
2,3,433,2
2,3,79,1
2,8,140,1
3,57,61,1
2,2,100,1
2,66,250,2
2,3,145,1
1,7,45,3
1,13,73,1
1,30,150,2
2,49,234,2
2,20,150,2
2,70,65,1
1,13,195,2
2,15,135,2
1,16,90,2
2,28,595,2
2,70,109,1
1,4,200,2
2,2,90,2
2,27,100,2
2,8,85,2
2,27,87,2
2,9,95,2
2,9,349,2
2,20,99,2
2,8,160,2
2,10,149,2
1,16,60,2
2,2,285,2
1,1,72,1
2,12,150,2
1,98,200,2
2,29,79,1
2,9,197,2
1,7,75,2
2,70,127,2
2,5,110,1
3,45,69,1
1,13,100,1
2,8,99,2
1,13,139,2
2,9,113,1
2,15,250,2
2,27,295,2
2,9,2000,2
2,8,220,2
2,20,75,1
1,13,100,2
1,13,199,2
2,15,200,2
1,23,140,2
2,19,50,1
1,22,45,1
1,35,109,2
2,5,108,1
1,22,42,1
1,16,70,1
2,29,141,2
1,14,355,2
1,7,80,2
1,102,250,1
3,45,75,1
2,12,88,1
2,27,65,1
3,47,58,1
3,50,75,2
3,57,100,1
2,24,167,1
3,45,65,1
2,3,125,2
2,9,95,1
4,111,54,1
1,36,89,2
2,5,92,1
2,15,199,2
2,12,179,2
3,26,65,1
2,3,55,1
2,65,129,2
2,65,134,2
1,72,35,1
2,29,250,1
1,4,249,2
3,105,62,1
2,9,119,1
1,11,179,2
1,14,220,2
1,13,198,2
1,16,155,2
1,13,199,2
2,20,95,2
1,17,550,2
1,22,60,1
1,13,380,2
1,22,84,1
2,9,165,2
2,20,105,2
1,14,134,2
1,7,68,1
2,20,73,2
1,17,150,2
2,9,100,2
2,8,75,1
2,2,120,1
1,7,85,2
2,19,55,2
2,66,95,1
2,15,72,1
2,12,250,2
1,37,69,1
1,30,78,1
1,13,220,2
2,28,230,2
1,7,150,2
1,14,80,1
1,13,150,1
1,17,150,2
2,9,900,2
2,20,130,2
1,25,70,1
3,32,120,2
4,112,75,1
1,82,100,2
1,13,69,1
2,20,399,2
2,3,299,2
2,9,100,1
3,85,68,1
1,113,103,1
2,24,175,2
1,21,330,2
2,15,425,2
2,20,240,2
4,112,75,1
1,34,210,1
1,4,175,2
1,13,85,1
3,32,120,2
3,32,120,2
1,7,75,1
2,12,495,2
1,13,65,1
5,71,39,1
1,14,93,2
1,13,146,1
1,16,120,2
2,3,79,1
1,16,100,2
2,9,120,1
2,3,150,2
2,20,144,2
1,16,60,1
2,3,350,2
1,7,85,1
2,9,195,2
2,29,200,2
2,24,169,2
2,3,95,1
2,51,375,2
1,16,168,2
1,16,50,2
1,13,129,1
3,57,245,2
1,21,199,2
1,21,199,2
1,13,99,1
1,33,160,2
1,13,65,1
2,3,70,1
2,3,80,1
2,8,100,2
1,113,70,1
2,12,200,2
1,82,66,1
2,29,200,2
1,13,95,1
2,15,140,2
2,3,65,1
2,2,106,2
2,9,155,2
2,20,249,2
2,20,120,2
1,21,52,1
2,20,75,1
1,13,195,3
4,88,625,2
2,9,171,2
2,9,185,2
3,26,55,1
1,22,50,1
2,27,120,2
2,80,210,2
2,20,133,2
1,84,73,2
2,12,350,2
2,80,259,2
2,19,97,1
2,66,199,2
2,46,125,2
1,14,100,2
1,102,39,1
2,66,125,2
2,3,150,2
2,2,170,2
2,54,199,2
2,3,80,1
1,17,125,1
2,15,155,1
2,70,120,1
1,13,220,2
1,7,90,2
1,16,61,1
2,20,179,2
3,38,108,3
1,4,575,2
2,9,99,1
1,13,175,2
1,23,110,2
1,17,250,2
1,7,100,1
2,53,200,2
3,57,89,2
2,10,400,2
1,18,149,2
2,28,500,2
2,20,95,1
1,7,125,2
2,9,80,1
1,7,105,2
3,26,39,1
5,71,49,2
2,53,187,2
1,22,55,1
1,30,250,2
2,2,125,2
1,4,100,2
1,7,175,2
1,4,50,1
2,2,133,2
2,29,155,2
3,57,140,2
3,57,80,1
1,22,103,1
2,9,600,2
1,23,70,1
1,13,75,1
1,23,55,1
2,5,50,2
3,50,390,2
1,16,82,2
1,13,52,3
1,13,115,1
3,114,299,2
1,115,175,2
1,13,100,2
2,8,95,2
3,57,55,1
1,22,45,1
1,13,165,2
2,15,105,2
1,13,200,2
2,31,65,1
2,20,100,1
1,13,312,2
2,51,195,2
2,9,100,2
1,30,155,2
3,50,250,2
2,8,165,2
2,5,120,2
5,71,38,1
1,7,200,3
1,14,90,1
2,29,85,1
3,38,55,1
2,12,350,3
2,20,59,1
2,3,280,2
3,26,69,1
1,13,230,2
1,13,200,2
1,23,150,2
1,7,75,1
2,9,120,1
2,12,140,2
2,9,200,2
2,104,225,2
1,14,145,2
5,116,60,1
1,7,119,2
2,12,189,2
2,12,190,2
2,24,69,1
3,26,70,1
1,13,155,2
1,7,149,2
2,12,160,1
1,13,100,1
2,24,220,2
2,31,85,1
2,20,135,2
1,25,45,1
2,3,225,2
2,3,100,2
1,13,145,2
2,12,210,2
1,30,195,2
2,66,95,1
2,12,140,2
2,3,95,1
2,9,295,2
2,31,80,1
2,20,250,2
5,117,60,2
2,29,150,2
2,24,159,2
1,13,225,2
2,3,78,1
2,9,210,2
1,7,60,1
2,53,220,2
1,18,199,2
1,18,225,2
2,9,350,2
2,19,65,1
2,15,225,2
1,25,82,1
2,20,75,1
3,50,60,1
2,29,105,2
1,22,115,2
2,29,150,2
1,11,65,1
1,16,150,2
1,13,101,1
2,70,130,2
1,7,165,1
2,29,175,2
2,3,115,2
1,14,128,2
2,27,116,2
2,31,192,2
1,30,150,2
1,13,163,2
1,14,40,1
1,13,200,2
2,24,158,2
1,17,115,1
2,3,85,1
2,9,173,2
1,16,250,2
2,49,465,2
1,13,275,2
2,10,195,1
1,4,63,2
2,31,36,1
1,34,130,2
1,39,200,2
1,21,85,1
3,26,150,2
3,76,45,1
3,76,45,1
1,13,79,1
1,13,149,2
2,20,200,2
2,3,85,1
3,118,60,1
2,8,139,2
1,13,160,2
2,5,95,1
1,13,80,1
1,4,250,2
2,15,349,2
2,3,165,2
1,39,119,2
2,12,240,2
1,7,79,1
1,7,215,2
1,1,49,1
1,17,190,2
2,15,99,2
1,14,68,1
1,17,185,2
2,24,225,2
2,29,81,1
2,20,199,2
1,22,55,1
2,12,340,2
2,3,135,2
3,40,85,2
1,22,65,2
2,31,100,2
1,16,109,1
2,53,290,2
2,3,35,1
2,27,148,2
3,38,57,1
2,29,150,2
2,3,60,1
2,3,60,1
2,5,45,3
2,3,60,1
1,4,125,2
2,3,60,1
1,7,75,1
2,20,121,2
1,4,89,1
1,21,300,2
1,21,110,1
1,21,99,2
1,115,170,2
1,16,90,1
2,15,179,1
2,3,80,1
2,3,65,1
2,24,69,1
1,22,42,1
1,13,70,1
1,17,155,2
2,29,135,2
2,53,120,1
1,35,135,2
4,56,47,1
2,3,69,1
1,16,100,1
1,7,51,1
1,30,4000,2
2,15,65,1
1,4,60,1
1,25,70,1
2,70,130,2
1,7,70,1
1,4,200,2
1,30,150,2
2,31,130,2
1,119,68,1
2,20,79,1
2,9,149,2
1,22,120,1
2,29,250,2
2,9,175,2
2,31,40,1
1,21,55,1
2,24,99,1
1,13,500,2
2,15,240,2
3,120,400,2
2,29,280,2
2,80,235,2
2,20,130,2
1,7,96,2
3,26,63,1
1,82,150,2
1,13,200,2
1,30,90,2
2,2,269,2
2,20,80,1
1,30,80,1
2,12,400,2
2,53,349,2
2,20,495,2
1,30,85,2
1,22,85,2
2,15,999,1
2,15,109,1
2,24,175,2
2,10,150,2
1,13,80,1
2,9,150,2
2,8,175,2
3,57,107,2
2,31,80,2
3,38,80,1
2,3,75,1
1,22,800,2
1,23,130,2
2,12,250,2
2,24,260,2
1,4,36,1
1,25,140,2
2,24,145,2
1,13,120,2
1,13,75,1
1,7,60,1
1,22,69,1
2,24,95,1
2,9,300,2
2,9,131,1
1,22,120,2
1,7,100,2
1,1,100,2
2,20,190,2
2,29,160,2
3,38,60,1
1,25,75,1
3,38,45,1
2,3,65,1
1,30,120,2
2,19,80,2
1,16,100,2
1,34,250,2
2,12,235,2
1,13,85,1
2,29,195,2
1,13,145,2
1,13,55,2
1,22,289,2
2,53,120,2
1,13,149,2
2,31,100,3
2,29,166,2
2,31,99,2
1,16,150,2
1,35,44,3
2,53,195,2
3,57,95,2
2,104,100,1
1,23,60,2
2,3,62,1
2,20,99,1
2,24,90,1
2,9,88,1
2,3,125,2
1,23,74,1
2,8,176,2
1,17,62,1
2,5,51,1
1,13,249,2
2,15,200,2
5,121,30,1
1,35,240,2
2,5,100,1
2,5,125,2
1,14,149,2
1,4,170,2
2,31,150,1
2,9,125,1
1,82,68,1
2,3,90,1
2,3,65,1
1,21,50,1
1,7,65,1
1,16,200,2
1,7,65,1
1,13,58,1
2,3,65,1
1,4,185,2
1,79,115,2
2,5,100,1
2,20,200,1
1,23,115,2
1,16,140,2
1,22,62,1
1,1,95,2
1,7,100,2
2,12,113,2
2,46,108,2
1,7,62,1
1,13,95,2
1,13,200,2
2,3,165,2
1,25,60,1
1,13,80,1
1,25,100,2
2,8,110,1
1,7,50,3
1,4,79,1
1,34,140,2
2,9,339,2
3,38,55,1
3,38,81,2
1,13,191,2
1,22,139,2
2,65,500,2
1,21,120,2
2,5,60,1
3,85,70,1
1,16,295,2
1,4,100,2
2,3,49,1
2,12,150,2
1,7,120,2
2,20,2500,2
2,51,175,2
1,7,107,2
1,13,98,1
3,57,47,1
2,3,100,2
2,3,170,2
2,12,150,2
3,96,63,2
1,7,110,3
1,4,275,2
1,11,329,2
2,3,49,1
2,3,49,1
1,4,165,2
1,21,160,2
1,23,38,1
2,9,170,2
2,46,105,1
1,21,50,1
2,5,100,1
2,20,100,2
1,17,890,2
2,44,160,1
2,20,145,2
1,7,51,1
1,11,150,2
2,20,180,1
2,53,225,2
2,15,250,2
1,13,56,1
1,30,70,1
1,17,70,1
2,15,125,1
2,8,399,2
1,34,157,2
1,7,145,2
2,31,75,1
1,7,280,2
1,13,220,2
2,9,190,2
2,9,200,2
3,96,77,2
1,7,35,1
1,7,30,3
2,20,199,2
2,8,140,2
2,15,124,2
2,20,295,2
2,10,160,2
3,26,349,1
1,4,98,1
3,38,76,1
2,29,230,2
1,99,60,1
1,22,40,1
2,65,118,1
1,41,125,1
1,14,195,2
2,8,85,1
2,3,55,1
1,22,155,2
1,13,99,1
2,3,140,2
1,7,85,1
1,16,75,2
1,82,53,1
1,16,150,2
2,8,179,2
1,16,135,2
2,12,200,2
2,3,200,2
1,25,100,2
1,41,134,2
2,20,100,1
2,29,50,1
1,13,50,1
1,35,400,2
3,45,115,2
2,28,235,2
2,5,125,2
2,12,250,2
2,28,650,2
1,30,97,1
1,41,189,2
2,9,100,2
1,25,49,1
5,122,84,2
1,13,165,2
2,10,87,2
1,13,120,1
2,28,195,2
1,7,89,1
1,22,62,1
1,92,130,2
2,20,75,1
1,30,64,1
1,13,150,2
2,3,100,1
2,9,190,2
1,13,98,1
1,33,150,2
3,105,99,2
2,3,100,2
2,20,159,2
1,22,70,1
2,20,91,1
1,33,325,2
1,78,149,2
2,20,200,2
2,9,169,2
2,12,249,2
3,57,85,2
3,57,81,1
2,20,199,2
2,3,88,2
2,12,170,2
2,46,100,2
1,14,130,2
2,3,135,2
1,92,65,2
1,33,100,2
2,5,165,2
3,57,78,1
1,37,350,2
3,38,160,2
1,30,225,2
2,3,170,2
2,2,349,1
2,5,65,1
2,20,420,1
2,66,119,2
1,17,100,2
2,3,97,2
2,9,191,2
2,9,187,2
2,9,172,2
2,12,950,2
1,14,275,2
2,9,99,2
2,53,334,2
2,29,60,1
1,7,145,2
3,57,75,1
2,28,130,2
2,80,575,2
2,9,295,2
2,12,300,2
1,16,120,2
1,22,50,1
2,5,56,3
2,29,191,2
2,9,135,1
1,11,195,2
2,3,75,3
2,3,99,1
1,34,350,2
1,13,40,2
3,57,130,2
1,25,225,2
1,17,225,2
3,57,38,3
1,4,200,2
2,8,550,2
1,4,235,2
1,25,75,1
1,21,249,2
1,13,120,2
1,7,50,1
1,16,85,2
1,16,78,1
2,24,110,1
1,30,50,1
2,3,52,1
1,13,63,1
2,29,105,2
3,123,75,1
3,26,69,1
2,20,165,2
1,17,125,2
5,83,85,1
2,20,499,2
2,20,60,1
2,20,95,1
1,7,105,2
1,22,55,1
1,13,289,2
1,82,70,1
2,15,275,2
2,3,130,2
1,25,125,2
1,7,150,2
3,57,46,1
2,29,100,2
1,13,90,1
1,13,90,2
2,2,220,2
2,80,1000,2
1,7,130,2
2,15,499,2
2,3,45,1
1,7,70,2
3,38,59,1
2,15,160,2
2,3,195,2
1,23,96,1
1,13,75,1
1,13,195,2
3,50,200,1
1,7,139,2
2,3,190,2
2,3,95,1
2,24,350,2
2,70,80,1
2,5,120,2
2,19,42,1
1,13,116,2
1,55,60,1
1,34,1395,2
2,29,425,2
1,39,225,2
2,20,159,2
4,124,221,2
2,2,150,1
2,29,199,2
1,16,70,1
2,5,110,2
1,22,60,1
1,16,50,1
2,24,120,1
2,20,395,2
1,16,60,1
2,2,145,2
1,13,83,2
2,28,100,1
1,16,200,2
2,3,50,1
2,15,70,1
1,34,175,2
1,16,149,2
1,125,125,2
2,5,58,1
3,57,160,2
3,40,150,2
2,70,131,2
2,70,250,2
3,57,70,1
2,66,149,2
1,82,109,2
2,73,185,1
1,21,138,2
2,20,150,1
1,7,80,1
1,21,75,2
2,15,300,2
2,15,176,1
1,55,47,1
2,31,40,1
3,126,60,3
1,11,89,1
2,5,75,1
1,7,110,2
2,3,85,2
1,21,72,1
4,42,190,2
2,3,85,1
1,55,325,2
1,22,125,2
2,9,200,2
1,37,195,2
2,31,175,2
1,39,189,2
1,7,182,2
1,16,105,2
2,27,240,2
1,22,185,2
2,15,160,2
2,70,250,2
2,27,650,2
3,40,35,1
1,75,85,2
1,17,550,2
1,7,80,1
1,13,175,2
1,16,95,1
2,3,158,2
2,10,85,1
2,66,209,2
1,14,150,2
1,14,70,1
3,50,73,1
1,17,85,1
1,7,95,2
1,13,125,2
2,66,89,1
1,21,50,1
1,13,75,1
1,7,60,1
2,31,45,1
1,13,130,2
2,3,70,1
2,20,125,1
2,24,140,2
1,82,120,2
1,14,99,1
1,1,300,2
1,11,40,1
2,3,47,1
2,24,115,1
1,7,90,2
2,20,199,2
2,3,110,2
1,22,100,2
1,30,90,1
1,7,40,1
2,3,133,2
1,30,130,1
2,9,79,2
2,53,200,2
2,15,175,2
1,125,200,2
2,66,200,2
1,13,300,2
2,9,135,1
1,30,189,2
3,47,133,1
1,82,65,1
2,9,179,2
2,15,90,2
1,35,49,1
1,13,140,2
2,2,115,2
1,37,190,2
1,21,99,1
2,2,110,2
2,20,109,1
2,12,64,1
2,9,1000,2
2,20,750,2
3,50,175,2
2,5,47,1
1,7,60,1
2,31,48,1
2,5,100,2
1,17,105,1
1,14,138,2
2,20,129,2
2,46,170,2
1,21,139,2
2,3,94,1
2,29,115,1
1,14,499,2
1,7,79,2
2,20,200,2
1,21,152,1
1,1,50,1
1,13,212,2
2,5,108,1
2,12,89,1
2,5,89,1
3,40,65,1
2,9,239,2
1,22,99,2
2,31,80,1
2,31,125,1
1,21,55,1
1,22,160,2
2,66,100,1
2,8,1000,2
2,53,225,2
1,23,35,1
2,2,275,2
1,7,200,2
2,28,190,2
1,13,117,1
2,2,80,3
1,102,99,2
2,31,70,2
2,5,44,1
2,3,125,1
2,24,130,2
2,29,130,2
2,15,125,1
2,8,199,2
1,55,89,1
1,30,155,2
3,26,60,1
2,15,248,2
2,9,85,2
2,9,85,1
1,92,80,2
2,5,79,1
3,45,55,1
5,116,65,1
2,8,150,2
2,80,285,2
3,57,119,2
1,84,137,2
2,29,190,2
2,61,80,1
1,7,120,2
1,55,95,2
2,31,90,1
1,4,75,1
3,57,50,3
1,16,103,1
2,20,125,2
1,14,150,2
1,11,50,1
2,20,148,1
2,20,120,2
1,7,99,2
3,50,69,1
2,2,200,2
2,31,55,1
2,9,175,2
2,8,240,1
2,3,95,1
3,108,150,2
1,16,150,2
1,13,179,2
1,13,105,1
1,13,84,2
3,126,90,2
2,5,53,2
2,5,41,1
2,51,135,1
3,62,84,2
2,80,290,2
1,7,35,3
3,50,110,2
1,21,350,2
1,7,60,1
1,13,220,2
1,13,275,2
1,14,142,2
1,16,38,1
2,3,100,2
2,8,200,2
1,13,225,2
2,29,135,2
2,3,72,1
1,7,59,1
1,16,350,2
1,1,75,1
1,22,70,1
2,3,99,2
1,86,42,1
1,22,60,1
1,7,125,2
1,13,99,1
1,30,99,2
1,7,165,2
1,1,250,2
1,13,135,1
2,3,58,1
2,29,250,2
2,9,95,1
2,29,125,2
1,17,147,2
2,3,300,2
2,51,350,2
1,82,102,2
2,3,95,1
1,7,65,1
1,25,350,2
2,15,595,2
2,9,165,3
1,7,181,2
2,2,110,1
1,7,65,1
1,4,155,2
1,7,50,1
3,123,85,2
1,13,120,1
1,7,75,1
1,7,55,1
1,33,200,1
1,13,75,2
1,18,150,2
5,100,60,1
1,16,150,2
1,13,240,2
2,5,150,1
2,20,200,2
2,44,269,2
1,13,112,1
1,34,250,2
1,30,390,2
2,44,350,2
2,24,80,2
1,13,295,2
1,11,160,1
2,10,399,2
2,53,150,2
1,7,60,1
2,53,219,2
2,15,119,1
1,13,190,2
2,9,140,1
1,13,125,1
2,12,144,2
1,33,1500,1
3,57,100,2
1,14,115,1
2,12,1899,2
2,31,110,2
2,12,140,2
2,46,94,2
2,2,50,1
1,13,131,2
1,14,175,1
1,1,299,2
2,28,145,2
2,3,145,2
2,53,175,2
2,70,109,1
2,9,150,1
1,7,133,1
2,8,399,2
1,16,48,1
1,22,75,1
1,4,55,1
1,16,75,1
2,20,465,2
1,25,151,2
1,13,199,2
1,7,45,1
1,4,160,2
1,23,36,1
2,29,235,2
1,7,225,2
2,20,300,2
1,7,35,3
3,57,80,2
3,32,79,1
2,31,82,1
2,31,82,1
1,30,215,2
1,13,147,2
2,27,145,2
1,16,65,1
1,11,78,1
3,26,120,2
1,23,120,2
2,24,95,1
1,13,90,1
1,13,95,2
1,13,100,2
2,2,350,2
1,7,188,2
3,62,80,1
2,12,175,2
1,34,495,2
2,54,250,2
1,13,115,2
1,7,55,1
2,15,93,2
2,15,93,2
2,15,199,2
1,7,70,1
2,19,125,2
2,9,125,2
2,29,169,2
1,13,150,2
2,3,61,1
1,16,40,1
1,13,150,2
1,14,65,1
5,60,90,1
2,3,190,2
1,13,79,1
1,7,225,2
2,3,185,2
1,16,100,1
2,3,85,1
2,46,75,1
1,13,85,1
1,7,98,2
1,1,262,2
3,26,145,2
2,29,280,2
2,20,210,2
1,14,70,2
1,7,100,2
2,49,250,2
1,7,59,1
2,20,199,1
2,2,219,2
1,30,100,1
1,17,175,2
2,12,220,1
1,86,40,1
2,3,120,1
1,17,140,2
2,66,105,1
1,13,110,2
1,4,131,2
2,28,265,2
2,52,54,1
2,12,800,2
1,55,53,1
2,31,99,2
1,22,65,1
1,13,55,1
2,20,120,1
2,9,169,2
2,15,180,2
1,7,67,1
2,29,111,1
2,28,90,1
1,34,259,2
2,9,89,1
1,21,129,2
1,22,69,1
2,31,75,1
1,16,250,2
1,7,120,2
1,21,129,2
1,30,199,2
1,14,450,2
2,66,217,2
1,78,90,2
2,29,350,2
2,46,160,2
1,21,45,1
1,7,70,1
2,20,260,2
3,40,100,2
1,125,125,2
1,82,195,2
1,22,58,1
2,3,75,1
2,28,200,2
1,7,75,1
1,7,95,1
1,13,99,1
1,7,275,1
1,115,162,2
2,15,200,2
2,28,285,2
2,5,120,2
2,31,120,2
2,12,210,2
1,17,160,1
2,12,110,2
1,13,200,2
3,26,138,2
2,15,90,1
1,25,45,1
1,82,80,2
1,13,70,1
1,7,72,1
2,20,95,1
1,7,75,1
3,57,70,2
1,13,160,2
1,23,29,3
1,11,175,2
3,57,75,1
2,53,110,1
1,13,175,2
2,8,99,1
2,19,100,1
1,7,144,2
1,23,171,2
2,9,99,2
2,12,270,2
2,24,160,2
2,3,65,1
1,7,99,2
2,3,125,2
1,7,72,1
1,16,300,2
2,8,112,1
1,34,100,2
1,22,60,1
2,20,232,2
1,13,138,1
2,20,140,2
2,66,5000,2
1,7,168,2
1,23,100,2
3,127,150,3
1,22,95,2
2,46,175,2
2,12,220,2
2,9,178,2
1,16,85,2
3,89,35,1
1,21,129,2
2,5,55,1
1,23,69,1
1,30,68,1
1,16,69,1
2,8,300,2
2,3,175,2
3,87,59,1
3,87,59,1
2,73,169,1
1,13,120,2
1,7,155,2
1,13,165,2
2,3,60,1
1,13,190,2
2,12,150,2
2,9,150,2
1,7,120,2
3,26,349,1
3,87,59,1
2,73,99,3
3,87,59,1
1,13,110,1
2,20,73,1
2,10,179,2
3,40,102,1
1,22,62,1
3,57,140,2
2,2,300,2
2,66,299,2
1,4,104,2
2,15,98,2
2,24,49,1
2,15,96,2
1,13,80,1
1,16,89,1
2,24,125,1
1,86,345,2
1,14,150,2
2,3,100,1
2,24,120,2
1,21,149,2
1,16,145,2
2,44,390,2
5,116,60,1
1,17,190,2
2,28,80,1
1,7,55,1
1,13,275,2
1,13,250,2
2,3,100,2
2,65,600,2
1,82,66,1
1,17,65,1
2,5,220,2
2,29,159,2
1,13,70,1
1,25,49,1
1,22,47,1
2,24,299,2
1,25,79,2
1,14,115,2
1,4,229,2
1,7,115,2
2,53,1100,2
1,13,165,2
1,7,67,2
1,7,68,1
1,102,85,1
1,7,170,2
1,119,95,1
1,7,45,1
1,13,178,1
2,15,140,2
1,21,149,2
1,7,89,2
3,57,108,2
2,31,138,2
1,16,115,2
2,5,69,3
2,12,269,2
1,13,160,2
2,28,150,2
2,9,121,2
1,23,95,2
1,75,99,2
1,30,40,1
2,20,89,1
1,21,50,1
1,7,55,1
1,11,224,2
3,50,120,2
3,38,59,1
2,3,135,2
2,24,175,2
3,26,250,2
2,20,156,2
1,7,75,2
2,46,79,2
2,9,104,2
1,13,280,2
2,66,80,1
1,13,136,2
2,9,550,2
1,23,190,2
2,20,199,2
3,32,75,1
2,20,100,1
2,9,125,2
1,22,75,1
2,3,99,1
1,21,35,1
3,26,51,1
3,50,188,2
2,49,90,2
1,16,279,2
2,12,350,2
2,5,125,1
1,119,85,1
3,128,48,1
3,128,56,1
1,23,84,1
2,3,155,2
2,70,250,2
2,10,300,2
1,13,140,2
2,29,120,1
1,13,99,2
2,53,240,2
2,31,72,2
3,57,45,1
4,124,250,2
2,12,100,1
2,2,175,2
2,20,200,2
3,87,59,1
2,44,420,2
1,13,120,1
2,15,295,2
1,13,200,2
1,22,48,1
2,8,99,2
1,21,129,2
2,20,160,2
1,17,142,2
3,57,120,1
2,103,400,2
1,4,130,2
2,3,85,3
1,7,600,2
2,3,69,1
1,13,150,2
2,20,10,2
1,7,87,1
2,2,249,1
1,13,65,1
1,102,175,2
2,31,79,1
2,28,194,1
2,24,150,2
1,13,241,2
2,3,80,1
1,7,120,2
2,29,155,2
2,12,150,2
2,29,140,2
1,55,90,2
1,34,150,2
1,7,135,2
1,17,140,2
1,7,130,2
2,29,150,1
1,11,115,2
1,7,130,2
2,53,380,2
1,13,115,2
2,46,125,2
1,22,65,1
3,85,110,2
1,7,31,1
1,7,135,2
2,12,200,2
1,7,212,1
1,13,40,3
2,8,80,2
1,23,95,2
2,8,185,2
1,7,100,2
2,51,1200,2
1,21,149,2
2,12,139,1
2,53,226,2
1,7,74,2
2,12,195,2
1,55,104,2
2,28,275,2
2,9,310,1
2,20,145,2
4,81,75,2
1,13,99,2
2,8,250,2
2,9,104,2
2,70,250,2
2,8,150,2
2,8,195,2
2,8,350,2
1,13,75,1
1,25,80,1
1,7,96,2
2,27,200,2
2,5,90,1
3,57,79,1
2,46,220,1
1,13,224,2
3,108,35,1
3,57,70,1
1,25,85,1
2,3,110,2
1,7,65,1
3,128,200,2
2,10,249,2
1,72,62,1
5,129,50,1
1,72,62,1
1,21,50,1
2,65,55,1
2,3,71,1
2,5,75,1
1,13,115,1
1,13,82,1
1,72,75,1
2,3,60,1
2,15,200,2
1,21,90,1
1,17,215,2
2,8,100,1
3,57,38,1
1,22,159,2
1,25,64,1
1,18,125,2
2,24,120,2
2,15,76,1
2,9,175,1
1,21,110,1
1,21,75,1
2,31,80,1
1,21,110,1
1,13,89,1
1,22,110,2
2,24,96,1
2,3,75,2
2,66,185,2
1,23,49,2
2,12,440,2
1,16,220,2
2,44,99,1
2,65,85,1
1,13,98,2
1,25,84,1
1,25,65,1
1,21,160,2
1,17,115,1
2,5,59,1
2,2,119,1
1,16,120,2
2,9,439,2
2,29,99,1
1,21,199,2
1,13,99,1
3,57,195,1
1,13,180,2
3,26,100,1
1,7,115,2
1,25,115,2
2,61,180,2
5,130,45,1
2,24,300,2
2,29,90,2
2,5,95,1
3,40,140,2
2,29,123,2
2,8,200,2
3,57,100,1
1,13,250,2
1,13,85,1
2,27,100,2
2,8,109,2
1,21,159,2
2,53,260,2
2,15,555,2
2,5,87,1
5,121,43,1
2,29,199,2
2,3,90,1
1,7,195,2
1,16,185,2
2,9,400,2
2,15,200,2
2,5,100,1
2,29,225,2
1,16,450,2
1,7,80,1
1,22,89,2
2,20,179,2
2,15,90,1
3,26,275,2
1,13,35,1
3,57,86,1
3,40,95,2
2,9,116,1
2,8,80,1
2,20,110,2
3,131,29,1
2,3,200,2
2,9,390,2
2,103,55,3
3,64,75,3
1,16,75,1
1,7,120,2
2,65,143,1
2,2,250,2
1,13,99,1
2,3,150,2
1,7,55,1
1,7,175,2
1,22,69,1
2,80,184,2
1,13,145,2
2,24,100,1
1,25,44,1
1,21,70,1
1,7,185,2
2,66,225,2
2,29,199,2
2,3,60,1
2,9,175,2
2,20,199,2
1,13,65,1
1,13,190,2
1,16,107,2
2,20,150,2
4,132,700,2
5,133,75,1
1,13,45,1
1,17,179,2
3,40,110,2
1,13,245,2
2,2,799,2
2,46,100,1
1,7,61,1
2,51,475,2
1,33,275,2
1,14,250,2
1,13,120,2
1,16,135,2
2,12,199,2
1,7,75,1
1,7,75,1
2,5,75,1
2,3,140,1
2,15,90,1
2,3,80,1
1,13,115,2
2,3,60,1
2,49,175,2
1,22,125,2
2,70,185,2
3,96,56,1
1,22,64,1
1,13,300,2
2,49,455,2
1,102,37,1
1,13,193,2
1,7,53,1
2,15,161,2
2,31,99,2
2,20,420,2
2,24,92,2
2,70,195,2
1,7,81,1
2,3,65,1
1,23,70,1
2,70,400,2
1,13,170,2
2,20,175,2
1,22,41,1
2,3,149,2
1,13,87,1
2,15,300,2
2,15,92,2
1,7,85,1
2,20,150,2
1,13,300,2
2,134,139,2
2,27,90,1
2,27,118,1
2,2,295,2
1,86,125,2
1,7,122,2
2,2,280,2
2,2,215,2
1,39,89,1
2,3,130,1
1,22,201,2
1,55,119,1
2,20,103,2
1,11,72,1
2,20,169,2
2,80,240,2
1,34,180,2
1,7,150,2
2,46,120,2
1,7,345,2
1,7,95,2
2,29,550,2
2,3,150,2
2,20,95,1
2,8,90,1
1,16,175,1
2,20,225,2
2,29,240,2
2,20,150,2
2,31,44,1
2,20,1700,1
2,9,299,2
1,7,120,2
2,8,525,2
2,29,600,2
1,13,88,1
2,3,139,2
2,15,200,2
2,2,100,2
2,28,209,2
1,34,240,2
1,7,90,2
3,26,73,1
2,15,90,1
2,8,200,2
1,16,94,2
2,24,145,2
2,70,199,2
1,7,150,2
2,29,85,1
2,65,195,2
2,53,173,2
1,21,159,2
1,13,85,1
1,7,120,2
2,2,225,2
1,13,175,2
2,2,130,1
2,12,249,2
1,102,38,1
1,22,53,1
2,8,125,1
2,28,245,2
1,41,150,2
1,102,32,1
2,8,160,2
1,25,175,2
1,13,40,1
1,22,58,1
1,7,149,2
2,15,200,2
1,7,100,2
1,7,50,1
1,7,97,2
2,15,84,1
1,30,275,2
2,29,99,2
1,21,70,2
1,21,149,2
2,2,399,2
1,35,145,2
1,35,200,1
1,22,59,1
1,13,70,1
2,70,249,2
1,23,70,2
3,40,45,1
2,15,75,1
1,13,70,1
1,13,159,2
2,8,499,2
1,22,55,1
2,24,228,1
1,55,67,1
2,20,119,1
2,9,189,2
2,29,350,2
1,35,450,2
1,7,45,1
2,2,175,2
1,16,83,2
1,14,120,2
1,16,35,1
2,3,140,2
2,3,45,1
2,5,90,1
3,57,79,1
1,7,100,1
2,15,225,2
3,96,66,1
1,4,140,2
1,4,98,1
1,7,140,2
2,24,195,2
2,3,60,1
1,16,150,2
3,26,40,1
3,57,130,2
1,13,75,1
1,13,248,2
2,20,450,2
1,13,120,2
1,13,250,2
2,24,80,1
2,8,140,2
1,13,120,2
2,3,45,3
1,13,100,1
1,7,175,2
1,4,130,2
2,27,175,2
2,44,40,1
1,17,650,2
2,2,85,1
2,20,175,1
2,8,105,1
1,13,80,1
1,4,150,2
5,135,195,2
1,4,750,2
2,24,249,2
1,21,140,2
1,14,180,2
2,3,90,1
5,122,120,2
3,48,85,2
2,3,174,2
2,8,150,2
2,20,295,2
3,57,180,2
2,20,172,2
1,35,130,2
2,3,52,1
1,21,220,2
2,5,50,1
1,7,37,1
2,5,85,1
1,22,249,2
1,11,150,2
1,14,119,2
1,13,49,2
2,3,90,1
2,15,200,2
1,55,97,2
1,21,399,2
1,13,151,2
2,8,200,2
2,54,200,2
3,26,82,2
2,9,130,2
1,14,69,1
3,57,150,2
2,31,150,2
2,20,150,2
2,20,100,2
2,27,195,2
2,15,251,2
1,13,200,2
1,30,100,2
5,116,140,2
2,20,146,2
1,13,250,2
2,29,499,2
1,13,80,1
1,86,80,2
2,24,220,2
2,24,102,1
2,3,120,2
2,20,170,2
2,9,235,2
2,29,149,2
1,17,180,2
1,13,89,1
1,11,199,2
1,7,72,1
1,22,80,2
2,8,99,1
1,16,125,2
2,9,150,1
1,18,100,2
2,28,106,1
2,3,250,2
2,53,150,1
1,13,100,1
2,15,189,2
2,20,1999,2
2,20,120,2
1,13,100,1
1,21,149,2
2,20,480,2
2,29,100,1
2,9,300,2
1,102,33,1
1,17,175,2
2,20,142,2
3,50,135,2
1,22,135,2
1,13,350,2
1,25,80,2
2,9,80,1
2,9,87,1
2,20,450,2
2,29,275,2
1,16,150,2
1,16,50,1
1,13,79,1
1,7,60,1
3,76,45,1
2,9,120,2
2,31,145,2
2,3,175,2
2,20,137,2
2,2,1500,2
2,5,86,1
1,22,90,2
2,2,345,2
2,52,150,2
2,8,250,2
1,16,105,2
1,4,130,2
2,29,90,1
1,16,150,2
1,13,150,2
2,19,225,2
2,9,1000,2
1,13,80,1
1,11,150,2
2,29,120,1
5,136,53,1
1,23,115,2
1,13,175,3
2,3,150,2
2,28,162,2
2,46,95,1
2,46,55,1
2,10,117,2
2,2,175,2
3,45,75,2
2,24,189,2
2,9,150,2
2,19,45,1
1,7,190,2
1,4,130,2
1,22,79,1
2,12,850,2
1,16,150,2
1,4,100,2
2,19,115,2
2,20,300,2
2,2,159,2
2,2,500,1
2,3,39,1
2,29,250,2
1,18,200,2
2,8,250,2
2,5,120,2
2,9,105,1
3,57,100,2
2,20,175,2
1,21,500,2
2,20,120,2
1,13,85,1
2,15,320,2
3,57,149,2
2,28,400,2
3,26,72,1
2,3,300,2
2,3,115,2
3,87,325,2
1,82,32,1
2,9,100,1
2,3,150,2
2,3,95,2
2,20,290,2
1,137,30,1
1,7,75,2
2,20,140,2
2,12,500,1
3,57,100,2
2,29,80,1
1,17,125,2
1,11,250,2
1,22,50,1
2,2,395,2
2,8,100,2
1,13,250,2
1,22,79,1
2,24,100,2
1,7,52,1
2,24,98,1
1,16,120,2
1,82,40,1
2,27,345,2
3,40,50,1
1,13,45,1
2,2,250,2
2,49,350,2
1,23,57,1
1,14,120,2
2,12,1000,2
2,29,125,2
2,3,145,2
2,20,150,2
1,14,89,1
1,13,164,2
1,13,210,2
2,3,115,1
2,12,110,2
2,9,199,2
2,28,272,2
2,5,75,1
2,20,69,1
2,5,179,1
2,2,106,2
2,12,800,2
2,9,100,1
1,22,60,1
2,9,120,2
5,138,80,2
2,27,75,1
3,57,35,1
1,16,88,2
3,40,50,1
2,3,45,1
2,29,75,2
2,27,79,1
3,64,55,1
1,13,45,1
1,11,85,1
1,7,80,1
2,8,599,2
1,13,110,2
2,15,199,2
1,13,94,1
1,39,400,2
1,13,60,1
2,65,175,2
1,21,200,2
2,20,100,1
1,16,50,2
2,27,175,2
1,21,199,2
1,21,54,1
1,17,130,2
1,7,151,2
2,46,80,2
2,24,110,2
1,22,60,2
1,7,110,2
1,21,73,1
1,7,177,2
3,40,90,2
2,24,190,2
1,16,105,2
2,3,150,2
5,101,65,1
1,13,35,1
1,13,700,2
1,33,185,2
2,9,150,2
1,7,100,1
1,13,575,2
2,24,128,1
2,20,299,2
2,10,169,2
2,20,109,1
1,4,99,2
3,57,130,2
2,12,239,2
1,4,100,2
1,35,124,2
1,23,69,1
1,13,180,2
1,13,225,2
2,8,119,2
2,15,220,2
1,16,150,2
1,30,75,1
1,21,51,1
2,29,150,2
1,13,91,1
2,15,139,2
1,14,100,2
3,45,60,1
2,49,255,2
3,40,94,2
2,20,179,2
2,29,135,2
1,23,50,1
1,22,350,2
2,29,150,2
2,66,375,2
2,9,150,1
2,8,175,2
1,17,170,2
1,13,275,2
1,22,30,1
1,37,150,2
2,2,140,2
2,9,200,2
2,9,560,2
2,73,240,2
3,45,99,2
2,70,195,2
2,65,89,1
1,22,65,1
2,12,156,2
2,20,120,1
2,9,400,2
1,13,210,2
1,21,159,2
1,7,55,1
1,21,129,2
2,9,300,2
1,22,79,1
1,25,100,1
2,9,6000,2
3,128,64,2
1,13,110,1
2,3,55,1
1,7,55,1
1,22,75,1
1,21,70,1
2,29,85,3
1,18,130,2
1,11,120,1
1,23,50,2
2,31,100,2
2,24,145,2
1,13,100,1
2,12,200,2
2,3,80,2
2,9,200,2
2,12,325,2
3,26,120,2
2,8,180,1
2,44,379,2
1,113,33,1
1,13,60,1
1,21,199,2
1,21,149,2
2,29,150,2
2,3,98,2
2,20,250,2
1,22,60,1
1,13,149,2
1,13,95,1
1,7,85,2
2,15,90,2
3,57,47,1
2,8,180,2
2,103,110,1
1,34,170,2
2,53,210,2
2,9,900,2
3,126,65,2
1,7,60,1
2,9,225,2
1,22,200,2
1,7,170,2
2,31,62,1
2,65,125,2
2,28,106,1
2,3,93,1
2,29,85,1
2,31,300,1
2,24,224,2
1,13,145,1
1,16,40,1
2,8,135,1
2,2,97,1
2,29,69,1
1,22,225,2
2,28,900,2
2,8,215,2
1,22,99,1
2,20,850,2
2,70,2000,2
3,40,60,1
2,29,303,2
2,9,750,2
1,7,111,2
1,21,60,1
1,13,320,2
1,7,112,2
1,7,185,2
3,26,100,1
1,22,150,2
2,8,130,1
1,22,130,2
2,44,575,2
1,34,125,2
2,20,190,2
1,22,70,1
2,9,599,2
1,7,80,1
2,29,99,2
2,29,100,2
2,73,200,2
2,3,60,1
1,25,100,1
2,65,2000,2
2,3,90,1
1,4,61,1
1,13,99,1
3,45,100,1
2,9,340,2
1,13,75,1
1,13,130,2
1,13,140,2
2,3,112,2
2,20,160,2
2,3,165,2
2,15,80,1
2,8,850,2
2,2,950,2
2,80,1500,2
2,15,160,2
2,12,300,2
1,7,150,2
1,17,250,2
2,20,100,2
2,3,49,1
2,29,675,2
2,8,150,2
2,29,300,2
2,24,79,1
2,20,225,2
1,7,90,1
1,14,285,2
2,9,300,2
1,22,55,1
2,31,80,2
2,31,90,1
2,29,325,2
2,31,55,1
2,49,208,1
2,12,156,2
1,7,85,2
1,14,200,2
2,20,180,2
1,13,250,2
1,13,325,2
2,2,140,2
2,10,160,2
2,24,130,1
2,12,110,1
2,27,150,2
2,9,149,1
2,15,900,2
2,15,215,2
2,9,155,2
1,35,50,1
1,21,225,2
2,3,65,1
1,7,112,2
2,24,250,2
1,13,65,1
1,21,159,2
2,9,99,2
2,9,395,2
1,22,145,1
2,12,185,2
2,27,1500,2
1,13,45,1
2,9,60,2
2,27,749,2
2,31,55,1
2,2,1000,2
2,12,165,2
2,15,285,2
2,29,220,2
5,60,75,1
1,22,120,2
2,9,4000,2
2,70,650,2
2,2,750,2
1,22,100,2
2,3,95,1
2,44,1000,3
2,53,119,1
1,13,1200,2
2,20,200,2
1,16,48,3
2,20,30,3
3,57,65,2
3,26,79,1
2,27,105,2
2,27,420,2
2,29,250,2
1,22,95,2
1,82,290,2
2,3,100,2
2,15,395,2
2,29,180,2
2,9,380,2
1,79,40,2
1,79,45,2
2,24,300,2
2,54,5250,2
2,9,1500,2
2,9,125,1
2,12,1500,2
2,29,110,2
1,16,105,2
1,17,45,1
2,53,1000,2
1,25,80,2
2,9,375,2
2,9,1000,2
2,134,1500,2
2,27,1550,2
2,9,89,1
2,20,129,1
2,20,500,1
2,29,500,2
2,80,250,2
2,12,250,2
2,29,175,2
1,7,40,1
2,29,400,2
1,13,85,1
1,4,219,2
2,29,130,2
1,21,149,2
2,27,100,2
2,53,289,2
2,9,67,1
2,15,221,2
2,15,750,2
1,13,75,1
2,8,350,2
2,103,425,2
2,28,200,2
2,15,1000,2
1,13,100,1
3,57,65,3
2,53,1250,1
2,20,112,2
2,65,175,2
1,139,1485,2
3,40,120,2
2,9,150,2
2,27,369,2
2,3,81,1
1,13,89,1
1,21,199,2
1,21,149,2
1,82,45,1
1,21,149,2
3,40,600,2
2,27,400,2
3,47,65,1
1,4,6500,2
2,9,150,2
1,35,265,2
2,53,199,2
2,8,395,2
2,9,150,2
1,35,130,2
2,53,175,1
2,27,2750,2
2,8,90,1
2,2,1500,2
2,53,2500,2
2,9,350,2
1,13,250,2
2,20,3750,2
2,2,250,1
1,13,500,2
1,34,180,2
2,9,800,2
2,29,1600,2
2,9,85,2
1,22,49,1
2,9,750,2
1,21,91,1
2,12,100,1
2,27,152,2
1,13,250,2
2,65,110,1
1,13,73,1
3,57,300,3
2,29,1000,2
2,29,135,2
2,29,75,2
2,2,600,1
2,8,800,2
5,140,250,2
2,8,200,2
1,7,75,1
2,44,1000,2
1,39,900,2
2,80,70,1
3,89,88,2
2,8,425,2
2,73,975,2
1,17,305,2
2,24,220,2
2,8,150,2
1,22,49,1
1,92,86,2
1,23,140,2
3,141,86,2
2,9,650,2
2,20,350,2
2,29,225,2
2,10,75,1
2,15,150,2
2,3,199,1
1,13,95,2
1,4,200,2
2,9,200,2
1,37,175,2
1,21,129,2
1,13,200,2
2,3,60,1
2,44,130,1
2,5,115,1
2,12,135,1
2,29,300,1
3,45,59,1
1,4,196,2
1,22,128,1
2,9,400,2
2,73,200,2
2,24,180,2
1,13,60,1
1,13,70,1
2,31,40,1
1,25,250,2
1,16,80,2
2,3,85,2
2,10,70,1
1,13,55,1
1,7,60,1
1,21,100,1
1,13,73,1
1,16,145,2
3,57,65,1
1,16,162,2
3,89,275,2
1,13,56,1
2,53,200,2
2,8,250,2
1,7,500,2
1,16,120,2
1,23,55,1
1,11,59,1
1,13,99,2
2,29,155,2
2,27,200,2
2,104,60,1
3,97,85,2
2,28,150,1
3,45,45,1
2,8,200,2
1,16,120,2
2,8,100,2
2,5,195,2
1,16,38,1
1,16,75,1
1,79,76,2
1,7,175,2
1,21,500,2
1,7,179,2
1,23,200,1
2,24,400,2
5,60,32,3
1,13,50,1
2,24,75,1
2,3,40,1
1,22,62,1
1,4,239,1
1,13,179,2
1,13,250,2
2,12,400,2
2,3,98,1
1,13,89,1
2,29,185,2
2,20,125,1
1,34,180,2
1,23,30,3
1,16,60,1
2,24,115,1
1,1,200,2
1,13,70,1
2,9,179,2
1,22,109,2
2,8,124,1
2,15,159,2
1,16,85,2
1,21,109,1
2,80,110,2
2,80,500,1
2,3,65,1
2,31,112,1
1,7,25,3
2,9,220,2
1,22,79,2
1,21,200,2
1,16,55,1
5,130,50,1
1,21,129,2
2,9,195,2
1,23,79,2
2,61,65,1
2,8,123,2
1,13,70,1
3,26,100,1
1,11,69,1
2,80,450,2
2,28,650,2
2,5,125,2
1,21,75,1
1,21,154,2
2,46,60,2
2,53,279,2
2,3,80,1
2,20,84,1
1,35,180,2
1,16,100,2
1,7,86,1
1,17,189,2
2,44,130,2
2,8,150,2
1,21,149,2
3,57,83,2
2,29,180,2
1,7,18,1
1,17,100,2
1,21,145,1
2,24,133,2
3,57,75,1
1,13,100,1
2,20,99,3
1,14,132,2
2,3,72,1
3,57,125,2
1,13,102,2
1,21,129,2
1,98,107,2
2,66,250,2
3,142,90,1
2,9,200,2
1,13,90,1
2,9,200,1
1,39,160,2
2,8,124,1
1,7,95,1
1,21,129,2
1,13,110,1
2,3,92,1
2,3,175,2
3,97,30,1
1,125,134,2
2,28,400,2
2,27,152,2
3,85,75,3
2,44,169,1
1,13,95,1
1,13,90,1
2,3,60,1
2,24,180,2
2,29,84,1
1,22,98,2
1,36,90,2
1,21,134,2
2,15,119,1
2,29,141,2
2,53,199,2
1,22,108,2
2,8,150,2
1,13,175,2
1,39,90,1
1,25,45,1
1,113,49,1
3,47,63,2
2,3,100,1
1,13,110,1
2,29,600,2
3,26,395,2
3,57,70,1
2,2,399,2
2,9,145,2
3,57,59,1
3,57,50,1
2,66,145,2
2,20,245,2
2,8,149,1
1,22,50,1
3,50,150,2
2,24,110,1
1,16,60,2
1,11,165,2
1,113,53,1
2,20,160,2
1,113,38,1
1,113,49,1
1,113,47,1
1,22,120,2
2,44,175,2
2,73,129,2
1,16,105,1
1,34,275,2
2,3,99,1
2,27,210,2
2,9,65,1
1,82,52,1
3,57,100,1
2,103,91,1
2,3,124,2
2,3,200,1
1,30,550,2
5,143,70,1
2,66,150,2
1,7,176,2
2,46,99,2
2,70,130,2
2,8,109,2
2,20,75,1
2,8,95,1
1,16,50,1
1,13,100,1
2,3,68,1
2,3,104,1
1,23,30,1
1,4,595,2
1,13,65,1
2,5,55,3
1,39,250,2
1,13,85,2
2,20,90,1
2,31,90,1
1,13,90,2
2,9,199,2
2,15,275,2
1,92,125,2
2,3,150,1
3,63,140,2
2,5,120,2
1,13,60,1
1,22,36,1
2,3,85,1
1,16,85,1
1,23,45,1
1,7,92,2
1,7,30,1
1,21,75,1
2,2,99,2
1,13,100,2
1,39,115,2
1,22,175,2
1,16,112,2
2,3,450,2
2,29,103,2
2,29,117,2
2,46,150,2
4,112,129,1
2,9,145,2
1,22,115,2
2,9,90,2
2,8,90,2
1,13,100,2
5,83,41,1
2,29,145,2
2,29,139,2
2,29,117,2
1,22,50,1
2,9,80,1
1,30,100,2
1,14,225,2
1,23,70,1
5,133,80,1
2,3,70,1
1,113,31,1
1,22,40,1
2,3,290,2
1,14,235,2
1,13,200,2
1,7,180,2
1,11,110,2
2,20,120,1
2,29,142,2
2,24,105,1
2,29,100,2
2,8,102,1
1,13,152,2
1,16,150,2
3,50,95,2
1,55,67,1
1,16,65,1
1,13,79,1
1,23,55,1
2,46,83,2
2,70,200,2
1,34,150,1
2,20,160,2
3,128,80,2
2,9,159,2
2,29,90,2
1,16,45,3
2,61,100,1
1,21,125,2
2,3,100,3
2,20,80,1
2,29,2300,2
1,7,90,2
2,5,140,2
1,21,52,1
2,10,200,2
1,13,94,2
1,4,40,3
3,89,55,1
1,13,69,1
2,70,200,2
1,22,100,2
1,92,53,2
2,9,425,1
5,144,40,1
1,13,40,1
1,13,150,2
2,31,65,1
2,9,109,1
3,85,60,1
1,13,180,2
3,26,95,1
2,2,140,1
3,26,155,2
2,3,105,2
1,7,45,1
1,13,330,2
1,16,50,1
2,2,100,1
1,4,49,1
1,7,65,2
2,3,70,1
2,70,180,2
3,26,130,2
1,14,225,2
2,8,225,2
2,31,85,1
2,27,125,2
2,8,99,2
3,26,95,1
3,145,400,2
2,3,99,1
2,3,85,1
2,3,90,2
1,22,85,2
2,31,130,2
2,66,95,1
1,21,149,2
1,21,225,2
1,13,135,2
2,8,140,2
2,29,200,2
1,21,159,2
1,125,200,2
1,16,155,2
1,11,125,2
5,116,71,1
1,22,75,1
2,29,275,2
1,13,70,1
2,73,250,2
1,13,200,2
1,25,90,2
1,7,50,1
1,4,124,2
2,15,110,2
3,57,50,1
2,5,75,1
2,20,90,1
1,7,130,2
2,9,140,2
1,1,200,2
1,34,350,2
2,3,100,2
3,26,225,2
1,7,65,1
1,22,145,2
2,8,189,2
2,53,265,2
2,2,409,2
1,14,95,1
2,3,175,1
3,50,55,1
2,8,200,2
2,20,200,2
1,22,69,1
1,13,135,2
1,34,325,2
2,24,95,1
2,29,117,2
2,31,59,1
2,15,85,3
3,38,55,1
1,13,80,1
1,17,115,2
2,2,78,1
2,20,150,1
1,17,195,2
1,4,142,2
2,9,150,2
5,146,55,3
1,18,97,2
1,23,70,2
2,9,70,3
2,9,155,1
1,7,68,2
2,3,68,1
1,34,150,2
1,34,150,2
2,29,150,2
2,20,100,1
2,3,110,2
1,14,150,2
1,39,160,2
2,15,218,2
2,66,430,2
1,13,79,1
2,12,120,2
1,33,200,2
2,10,120,1
2,20,250,1
2,9,200,2
4,91,75,2
1,37,175,2
1,7,76,2
2,9,75,2
1,16,400,2
3,38,75,1
2,8,189,2
3,32,55,1
1,13,80,1
1,22,69,1
2,46,100,1
3,40,100,2
2,12,300,2
2,31,53,1
2,9,179,2
1,23,100,2
3,57,130,2
5,116,120,2
1,21,150,1
2,29,105,2
1,7,150,2
2,9,200,2
2,31,39,1
2,3,67,2
2,2,200,2
1,21,129,2
1,7,55,1
3,57,65,1
2,29,100,2
2,3,55,1
2,2,240,2
2,53,150,2
2,9,299,2
3,50,160,2
2,5,299,1
1,30,99,2
1,21,199,2
2,53,100,1
2,31,45,1
5,68,44,1
1,34,150,2
1,22,100,1
2,24,185,2
1,14,150,2
2,5,650,2
1,13,100,1
2,3,111,1
2,8,99,2
1,13,75,1
2,29,103,2
3,57,130,2
2,9,109,2
1,13,95,1
1,14,100,2
1,17,155,2
3,40,60,1
1,11,195,2
3,85,69,2
2,31,72,1
1,16,300,2
2,29,119,2
1,13,100,1
1,4,199,1
2,3,75,1
1,13,100,1
2,46,125,2
3,45,95,2
1,13,295,2
3,57,149,1
2,9,150,2
1,16,100,2
1,30,45,1
2,12,385,2
1,23,87,2
2,27,180,2
3,38,59,1
4,42,95,1
2,29,130,2
1,7,120,2
2,20,113,1
3,50,60,1
1,7,40,1
2,65,250,2
1,13,150,2
1,30,450,2
1,34,149,2
1,13,169,2
1,17,105,1
1,7,42,1
2,103,325,2
2,9,200,2
1,55,160,2
1,13,155,1
1,7,151,2
2,15,200,2
1,22,80,1
3,26,119,2
1,7,5000,1
1,23,45,1
1,55,115,2
1,21,65,1
2,10,87,1
2,2,110,1
1,13,80,1
2,8,250,2
1,11,63,1
1,18,200,2
1,21,185,2
2,28,250,2
2,12,130,2
1,33,185,2
1,16,75,1
2,5,240,2
1,7,65,1
2,9,195,2
2,103,200,2
2,53,120,1
1,35,180,2
3,131,53,1
2,24,200,2
2,3,100,1
1,23,86,2
2,15,225,2
3,131,40,1
2,31,60,2
3,147,70,1
3,128,35,1
2,8,250,2
1,4,4500,2
1,4,8000,2
2,65,169,2
3,126,255,2
2,3,290,2
2,2,140,2
2,31,115,2
1,35,299,2
2,12,160,2
2,29,175,3
2,8,120,1
1,4,179,1
1,13,74,1
2,8,68,1
2,15,235,1
1,13,100,1
1,21,270,2
1,30,200,2
2,53,161,2
1,16,60,1
2,20,155,2
2,5,95,1
2,10,125,2
2,29,118,2
2,3,80,1
1,13,210,2
1,33,150,2
1,82,135,2
2,29,118,2
2,9,110,1
1,21,70,1
1,79,43,1
1,7,140,2
2,29,116,2
1,21,159,2
1,7,135,2
2,31,39,1
1,22,59,1
2,103,600,2
1,16,66,1
2,104,130,2
1,7,100,2
1,25,50,1
2,31,185,1
1,82,54,1
1,23,100,2
2,15,180,2
1,55,115,2
1,30,350,2
1,16,32,1
1,13,165,2
2,15,350,2
1,37,795,2
1,13,200,2
1,22,175,2
2,19,50,1
2,12,190,2
2,3,110,1
1,35,414,2
1,115,135,2
2,65,150,2
2,15,93,2
2,29,70,1
4,42,175,2
1,7,155,2
1,21,129,2
5,74,50,1
1,1,499,2
1,82,80,3
2,2,115,2
3,50,47,1
1,25,95,1
2,20,249,2
2,65,150,2
2,24,77,1
2,20,225,2
1,33,70,1
2,65,100,2
2,8,87,2
1,17,245,2
2,9,300,2
2,29,55,1
2,12,120,2
2,31,40,1
2,66,115,1
2,15,93,2
2,5,37,1
1,13,240,2
2,12,130,1
3,26,70,1
1,21,149,2
1,13,100,1
2,20,200,2
1,25,99,2
2,15,220,2
2,29,250,2
2,29,103,2
2,29,108,2
2,3,75,1
1,22,78,2
1,13,75,1
1,148,152,2
2,24,150,2
2,66,320,2
1,13,220,2
1,16,99,2
2,20,950,2
2,9,120,2
2,46,100,2
1,113,199,2
2,8,100,1
1,13,75,1
2,27,84,2
1,21,100,2
1,16,75,1
1,4,93,1
1,7,140,2
1,14,200,2
1,13,200,2
1,11,200,2
3,64,100,2
2,3,100,1
2,29,120,2
1,23,109,2
1,21,126,1
2,3,50,1
2,15,325,2
2,29,750,2
1,16,135,2
3,89,52,2
2,24,124,2
3,38,59,1
2,9,215,2
2,20,240,1
2,3,150,1
1,21,83,1
3,45,70,2
2,24,160,2
2,3,200,3
1,13,50,2
2,8,87,2
2,3,125,1
2,29,250,2
1,11,162,2
1,30,67,2
2,29,147,1
1,7,149,2
1,16,65,2
1,17,250,2
1,23,160,1
2,29,150,2
2,70,199,1
1,13,64,1
1,22,33,1
2,3,500,1
1,39,150,2
2,24,110,1
1,7,145,2
1,23,40,1
1,13,95,1
1,7,185,2
1,7,500,2
2,12,115,2
4,42,195,2
1,30,105,2
1,22,67,2
1,7,75,2
2,103,100,1
1,7,125,2
1,13,350,2
1,13,150,2
3,57,200,2
1,17,270,2
1,18,184,2
1,30,275,2
2,20,171,2
1,13,425,2
2,12,200,2
1,14,165,2
1,11,85,1
1,13,170,2
1,13,70,1
1,16,125,1
2,15,275,2
1,16,120,1
2,2,429,2
1,11,225,2
3,57,119,2
2,29,175,2
1,7,155,2
2,19,100,2
2,3,70,1
5,129,95,2
1,17,450,2
1,14,215,2
1,23,60,1
5,117,75,1
1,13,99,1
1,17,300,2
2,3,175,2
2,9,195,2
3,64,50,1
2,8,175,2
1,16,120,2
1,23,54,1
2,3,345,2
1,16,225,2
1,39,151,2
1,22,110,2
2,29,280,2
1,39,99,1
1,34,350,2
1,13,70,1
2,9,120,2
2,24,89,1
1,14,120,1
2,20,85,1
2,54,220,2
2,2,125,1
2,65,189,2
1,16,100,1
2,24,81,1
2,5,45,3
1,13,150,1
2,31,62,1
1,17,330,2
2,29,80,1
2,31,65,3
2,66,125,1
1,23,165,2
2,53,90,1
1,11,120,2
1,18,250,2
1,4,115,2
1,25,55,1
2,24,200,2
2,28,149,2
1,22,55,2
1,35,400,2
1,4,200,2
1,21,111,2
1,14,175,2
2,3,150,2
2,3,52,1
1,82,88,2
1,34,425,2
2,20,175,2
1,13,270,2
1,23,180,1
1,13,55,1
1,7,105,1
1,39,265,2
2,27,60,1
2,31,45,1
2,5,89,1
2,29,200,2
1,21,149,2
2,3,80,1
1,17,125,2
2,3,78,2
1,13,65,1
1,14,350,2
1,33,115,2
2,15,289,2
1,82,158,2
2,5,50,1
2,2,234,2
1,16,50,1
2,9,69,1
2,10,135,2
1,13,89,1
2,29,16,2
1,16,300,2
2,27,250,2
1,23,70,2
2,29,140,1
2,2,175,2
1,34,160,2
2,9,200,2
1,30,57,1
2,15,90,1
3,76,89,1
1,17,90,2
2,12,200,2
1,17,100,2
1,7,68,2
2,20,170,2
1,16,40,1
2,10,500,2
1,37,145,2
1,17,250,2
2,12,288,2
1,13,245,2
2,3,80,2
1,30,125,2
2,12,166,2
2,9,330,2
1,13,60,1
2,5,130,1
1,69,45,1
2,15,165,2
2,3,155,1
2,29,119,2
1,39,158,2
1,13,169,2
1,7,139,2
2,29,125,2
3,57,70,1
1,72,135,1
2,24,99,2
1,13,175,2
1,21,150,2
2,66,250,2
3,26,100,1
1,14,100,1
1,7,128,2
1,82,121,2
1,16,160,2
2,9,135,1
2,70,275,2
2,12,180,2
2,20,189,2
3,131,250,2
1,86,99,2
1,7,200,2
2,3,145,2
2,5,100,1
2,12,240,2
1,7,90,1
1,16,220,2
1,13,100,1
3,45,59,1
1,7,78,2
5,100,75,2
1,7,78,1
2,29,250,2
1,7,150,2
2,9,44,1
1,21,69,1
1,22,65,1
1,23,90,2
1,55,125,2
1,23,78,2
2,10,785,2
3,48,99,2
3,40,74,1
2,9,130,2
3,32,105,2
2,9,145,2
2,9,90,1
1,7,215,2
2,5,100,2
1,25,92,2
2,27,185,2
1,39,1000,2
2,15,160,2
2,15,93,2
2,12,300,2
1,21,75,1
2,15,370,2
2,27,425,2
1,11,200,2
2,2,125,1
2,15,179,2
1,22,46,1
1,13,150,2
1,16,52,1
2,31,80,1
1,39,120,2
1,75,300,2
1,33,110,1
1,11,200,2
1,18,75,2
2,29,200,2
2,15,300,2
2,3,22,1
1,21,129,2
2,24,125,2
1,55,150,1
2,29,185,2
1,13,158,2
1,23,30,1
1,14,316,2
1,17,175,2
3,57,97,2
2,8,175,2
1,13,60,3
1,16,72,1
1,7,175,2
2,9,225,2
1,23,85,2
2,24,150,2
1,13,225,2
2,2,400,1
1,13,125,1
1,16,200,2
2,31,88,2
1,13,250,1
2,8,300,2
3,45,89,2
2,27,165,2
2,44,84,1
1,13,285,2
1,18,150,2
1,16,70,1
2,29,300,2
1,33,220,2
2,3,149,2
2,12,249,2
1,16,90,2
2,31,69,1
1,21,120,2
2,5,69,1
2,3,54,1
2,31,50,1
2,31,51,1
2,8,99,1
2,9,290,2
1,13,240,2
5,71,49,1
1,39,115,2
1,16,78,1
1,22,125,2
2,5,135,2
2,103,110,1
2,44,205,2
2,3,95,2
1,22,55,1
1,149,47,1
2,31,39,1
2,15,349,2
1,13,250,2
2,20,290,2
1,99,85,1
1,22,170,2
2,24,146,2
3,57,99,2
1,30,150,2
1,13,240,2
1,13,500,2
3,40,48,1
1,13,129,2
2,8,750,2
2,28,180,2
3,26,70,1
2,29,150,2
1,17,240,2
1,17,100,2
2,20,122,2
2,29,400,2
5,71,47,1
1,30,140,2
5,100,55,1
1,16,110,2
1,7,175,2
2,104,80,2
2,2,150,2
2,9,200,2
1,82,50,1
2,29,99,1
2,3,60,1
2,53,225,2
2,31,175,2
1,13,60,1
2,29,255,2
1,13,75,1
1,35,190,2
1,17,495,2
1,16,98,2
1,13,150,1
1,13,250,2
2,3,215,2
1,13,200,2
1,4,100,2
1,13,200,2
2,3,200,2
2,24,110,2
2,3,115,2
2,5,75,1
2,12,289,2
2,29,95,1
2,24,197,2
2,8,150,2
3,45,225,2
1,14,375,2
4,150,56,1
2,9,225,2
2,5,70,2
2,9,264,2
2,9,199,2
1,17,149,2
1,125,142,2
2,5,299,2
1,7,50,2
1,17,160,2
1,7,127,2
1,4,110,2
2,24,69,1
1,7,175,2
2,20,179,2
1,22,144,2
2,66,175,2
2,3,150,2
1,13,109,2
2,29,350,2
1,92,75,2
2,3,135,2
3,128,39,1
3,57,38,1
1,7,195,2
2,46,146,2
1,13,318,2
2,27,184,2
1,13,140,2
2,15,85,1
2,3,170,2
3,50,100,1
2,66,350,2
2,9,199,2
1,13,77,1
2,27,80,1
5,100,79,1
1,22,550,1
1,33,155,2
2,53,275,2
1,13,119,2
1,21,85,2
2,3,84,1
2,3,90,1
1,16,135,2
1,13,90,1
1,13,150,2
1,23,38,1
2,27,87,2
1,1,210,2
2,19,80,1
1,14,250,2
2,15,175,2
1,4,65,1
2,20,140,2
2,3,129,2
2,20,159,2
3,151,125,1
2,12,249,2
1,7,151,2
1,7,79,1
1,16,125,2
2,3,135,2
2,24,151,2
2,80,600,2
1,7,59,2
2,24,273,2
2,3,70,1
2,3,95,1
1,7,399,2
1,22,96,1
2,12,110,3
2,8,110,1
2,3,69,1
1,25,85,1
2,24,150,2
2,27,170,2
2,24,125,2
2,20,130,1
2,20,145,2
1,13,500,2
2,3,95,1
1,16,150,2
3,64,150,2
1,7,56,1
1,21,60,1
1,55,85,2
2,24,80,1
2,12,100,1
1,22,54,1
1,7,113,2
1,13,200,2
2,3,75,1
2,3,200,3
1,11,110,2
1,4,500,2
2,2,180,2
1,13,200,2
2,29,69,1
2,12,200,2
1,25,140,2
1,16,45,1
1,82,35,1
1,21,80,1
1,11,150,2
2,31,70,2
2,8,200,1
2,2,308,2
2,66,270,2
1,4,150,2
2,20,365,2
1,4,99,1
2,24,175,2
2,70,220,2
2,31,80,1
1,17,230,2
2,3,60,1
2,53,120,1
1,25,45,1
2,5,100,2
2,3,138,2
1,82,100,2
2,15,230,2
2,3,225,2
1,7,120,2
1,16,99,1
2,31,150,2
1,22,122,2
1,22,150,2
2,3,140,2
2,24,150,2
1,18,38,1
2,12,200,2
1,25,50,1
2,3,45,1
1,13,90,1
3,57,85,1
2,20,85,1
3,87,108,2
1,30,129,2
1,14,275,2
2,2,148,2
2,70,250,2
2,20,160,2
1,16,130,2
1,17,180,1
2,31,50,1
2,31,145,1
2,10,94,1
2,29,180,2
2,66,80,1
1,7,97,2
1,7,90,2
1,149,70,2
3,57,120,2
2,27,120,2
2,44,165,2
2,31,59,1
1,23,91,1
3,142,184,2
1,7,45,1
2,70,150,1
2,3,139,2
2,3,65,1
2,20,65,1
1,30,150,1
3,57,115,2
2,44,299,2
1,23,80,2
1,34,80,1
1,4,100,2
2,15,135,1
1,25,80,1
1,23,69,1
2,5,75,1
1,17,94,2
1,11,192,2
2,5,50,1
2,5,58,1
3,26,120,2
1,13,69,1
3,85,50,1
2,3,125,2
1,22,50,1
1,82,85,1
3,45,59,1
2,29,130,2
2,24,104,2
3,40,95,2
2,8,199,2
5,83,105,1
1,7,34,1
1,23,120,2
5,74,87,2
3,62,125,2
1,22,170,2
2,29,250,2
2,5,55,1
3,40,80,1
3,40,95,2
2,46,150,1
1,18,140,2
1,7,150,2
2,24,159,2
2,15,95,2
1,21,159,2
1,22,65,1
1,82,100,2
2,20,85,1
1,30,175,2
1,34,175,2
1,75,260,2
1,25,80,2
1,7,69,1
1,7,100,2
3,50,85,1
1,92,95,2
2,29,160,2
1,1,49,1
1,13,65,1
2,70,150,2
2,8,115,2
3,63,113,1
2,8,110,2
2,5,75,1
2,2,250,2
5,90,50,1
1,16,81,2
2,8,69,1
1,21,125,1
1,13,65,1
2,20,150,2
2,29,175,2
1,119,49,1
2,66,191,2
2,51,200,2
2,8,250,2
1,16,216,2
1,7,200,2
1,13,119,1
2,29,118,2
2,2,95,1
1,21,110,2
1,92,170,2
2,29,99,2
1,7,172,2
3,40,75,1
1,7,50,1
1,7,77,1
1,148,125,2
3,40,75,1
2,3,350,2
1,16,55,1
1,7,99,2
1,17,545,2
2,31,70,1
1,7,250,1
1,22,150,2
1,22,55,1
1,16,100,2
1,4,100,2
1,7,95,2
2,70,175,2
2,9,200,2
2,53,190,2
1,7,65,1
1,14,400,2
1,1,95,2
2,12,197,2
1,1,395,2
1,7,100,1
1,7,200,2
1,13,165,2
1,34,145,2
1,149,75,2
2,70,180,2
2,29,73,1
2,29,87,1
2,29,74,1
1,30,65,1
2,53,199,2
1,17,65,1
2,9,160,2
1,22,175,1
2,9,200,2
2,20,195,2
1,16,99,1
1,4,175,2
